station_id,num_bikes_available,num_bikes_available_types,num_bikes_disabled,num_docks_available,num_docks_disabled,last_reported,last_queried
7000,4,"{'mechanical': 1, 'ebike': 3}",1,42,0,1747683901,1747683951
7001,7,"{'mechanical': 5, 'ebike': 2}",6,10,0,1747683854,1747683951
7002,4,"{'mechanical': 1, 'ebike': 3}",0,14,0,1747683790,1747683951
7003,1,"{'mechanical': 1, 'ebike': 0}",0,12,1,1747683821,1747683951
7005,5,"{'mechanical': 3, 'ebike': 2}",0,17,0,1747683929,1747683951
7006,5,"{'mechanical': 5, 'ebike': 0}",0,25,1,1747683775,1747683951
7007,3,"{'mechanical': 3, 'ebike': 0}",0,15,1,1747683860,1747683951
7008,7,"{'mechanical': 5, 'ebike': 2}",0,10,1,1747683825,1747683951
7009,14,"{'mechanical': 14, 'ebike': 0}",1,10,0,1747683810,1747683951
7012,5,"{'mechanical': 5, 'ebike': 0}",0,10,0,1747683930,1747683951
7013,9,"{'mechanical': 9, 'ebike': 0}",0,9,0,1747683905,1747683951
7014,3,"{'mechanical': 3, 'ebike': 0}",0,14,0,1747683909,1747683951
7015,7,"{'mechanical': 7, 'ebike': 0}",1,30,0,1747683839,1747683951
7016,25,"{'mechanical': 25, 'ebike': 0}",1,8,0,1747683867,1747683951
7017,1,"{'mechanical': 1, 'ebike': 0}",2,9,0,1747683873,1747683951
7018,19,"{'mechanical': 19, 'ebike': 0}",0,29,1,1747683829,1747683951
7019,19,"{'mechanical': 19, 'ebike': 0}",1,34,1,1747683922,1747683951
7020,6,"{'mechanical': 5, 'ebike': 1}",0,25,1,1747683880,1747683951
7021,19,"{'mechanical': 18, 'ebike': 1}",0,44,0,1747683819,1747683951
7022,8,"{'mechanical': 8, 'ebike': 0}",0,29,2,1747683879,1747683951
7023,2,"{'mechanical': 1, 'ebike': 1}",1,8,0,1747683787,1747683951
7024,15,"{'mechanical': 15, 'ebike': 0}",2,22,0,1747683863,1747683951
7025,6,"{'mechanical': 6, 'ebike': 0}",0,17,0,1747683819,1747683951
7026,2,"{'mechanical': 0, 'ebike': 2}",0,13,0,1747683904,1747683951
7027,10,"{'mechanical': 8, 'ebike': 2}",0,21,0,1747683840,1747683951
7028,2,"{'mechanical': 2, 'ebike': 0}",0,27,0,1747683799,1747683951
7029,4,"{'mechanical': 4, 'ebike': 0}",2,9,0,1747683914,1747683951
7030,10,"{'mechanical': 6, 'ebike': 4}",1,23,1,1747683871,1747683951
7031,17,"{'mechanical': 17, 'ebike': 0}",1,5,0,1747683884,1747683951
7032,13,"{'mechanical': 12, 'ebike': 1}",0,1,1,1747683908,1747683951
7034,7,"{'mechanical': 7, 'ebike': 0}",0,6,1,1747683847,1747683951
7035,26,"{'mechanical': 26, 'ebike': 0}",0,4,0,1747683937,1747683951
7036,18,"{'mechanical': 18, 'ebike': 0}",0,0,0,1747683845,1747683951
7037,2,"{'mechanical': 1, 'ebike': 1}",1,24,0,1747683789,1747683951
7038,3,"{'mechanical': 1, 'ebike': 2}",1,25,0,1747683806,1747683951
7039,0,"{'mechanical': 0, 'ebike': 0}",0,20,0,1747683773,1747683951
7040,2,"{'mechanical': 2, 'ebike': 0}",0,17,0,1747683813,1747683951
7041,7,"{'mechanical': 6, 'ebike': 1}",0,16,0,1747683799,1747683951
7042,16,"{'mechanical': 16, 'ebike': 0}",1,14,0,1747683778,1747683951
7043,15,"{'mechanical': 14, 'ebike': 1}",0,4,0,1747683823,1747683951
7044,5,"{'mechanical': 5, 'ebike': 0}",0,30,0,1747683932,1747683951
7045,12,"{'mechanical': 12, 'ebike': 0}",1,23,1,1747683906,1747683951
7046,37,"{'mechanical': 32, 'ebike': 5}",0,4,1,1747683883,1747683951
7047,10,"{'mechanical': 9, 'ebike': 1}",0,15,0,1747683816,1747683951
7048,16,"{'mechanical': 16, 'ebike': 0}",1,30,0,1747683942,1747683951
7049,5,"{'mechanical': 5, 'ebike': 0}",0,10,0,1747683933,1747683951
7050,0,"{'mechanical': 0, 'ebike': 0}",2,14,0,1747683838,1747683951
7052,18,"{'mechanical': 18, 'ebike': 0}",0,35,2,1747683793,1747683951
7053,5,"{'mechanical': 5, 'ebike': 0}",1,21,0,1747683820,1747683951
7054,1,"{'mechanical': 1, 'ebike': 0}",1,7,1,1747683878,1747683951
7055,1,"{'mechanical': 1, 'ebike': 0}",0,13,1,1747683790,1747683951
7057,20,"{'mechanical': 19, 'ebike': 1}",0,5,2,1747683799,1747683951
7059,8,"{'mechanical': 7, 'ebike': 1}",0,5,0,1747683925,1747683951
7061,5,"{'mechanical': 2, 'ebike': 3}",0,10,0,1747683862,1747683951
7063,17,"{'mechanical': 12, 'ebike': 5}",1,3,1,1747683790,1747683951
7064,17,"{'mechanical': 17, 'ebike': 0}",0,2,0,1747683848,1747683951
7065,10,"{'mechanical': 6, 'ebike': 4}",0,5,0,1747683912,1747683951
7066,8,"{'mechanical': 8, 'ebike': 0}",0,7,0,1747683900,1747683951
7068,20,"{'mechanical': 20, 'ebike': 0}",0,3,0,1747683885,1747683951
7069,10,"{'mechanical': 10, 'ebike': 0}",0,0,1,1747683926,1747683951
7070,6,"{'mechanical': 3, 'ebike': 3}",1,4,0,1747683927,1747683951
7071,17,"{'mechanical': 17, 'ebike': 0}",1,5,0,1747683835,1747683951
7073,2,"{'mechanical': 2, 'ebike': 0}",3,16,1,1747683930,1747683951
7075,9,"{'mechanical': 7, 'ebike': 2}",2,16,0,1747683915,1747683951
7076,30,"{'mechanical': 27, 'ebike': 3}",1,25,1,1747683790,1747683951
7077,13,"{'mechanical': 12, 'ebike': 1}",0,6,0,1747683918,1747683951
7078,3,"{'mechanical': 1, 'ebike': 2}",0,11,0,1747683929,1747683951
7079,5,"{'mechanical': 3, 'ebike': 2}",1,11,0,1747683832,1747683951
7083,4,"{'mechanical': 4, 'ebike': 0}",0,11,0,1747683936,1747683951
7084,1,"{'mechanical': 0, 'ebike': 1}",2,8,0,1747683865,1747683951
7085,1,"{'mechanical': 0, 'ebike': 1}",0,14,0,1747683854,1747683951
7086,0,"{'mechanical': 0, 'ebike': 0}",4,19,0,1747683902,1747683951
7087,0,"{'mechanical': 0, 'ebike': 0}",0,11,0,1747683893,1747683951
7088,2,"{'mechanical': 1, 'ebike': 1}",0,13,0,1747683876,1747683951
7089,1,"{'mechanical': 0, 'ebike': 1}",0,26,0,1747683790,1747683951
7090,11,"{'mechanical': 2, 'ebike': 9}",0,7,1,1747683826,1747683951
7091,1,"{'mechanical': 0, 'ebike': 1}",0,14,0,1747683813,1747683951
7093,22,"{'mechanical': 18, 'ebike': 4}",0,1,0,1747683879,1747683951
7094,20,"{'mechanical': 10, 'ebike': 10}",2,3,0,1747683935,1747683951
7095,7,"{'mechanical': 6, 'ebike': 1}",0,6,0,1747683800,1747683951
7096,11,"{'mechanical': 10, 'ebike': 1}",0,6,1,1747683910,1747683951
7097,10,"{'mechanical': 9, 'ebike': 1}",0,2,1,1747683934,1747683951
7098,14,"{'mechanical': 13, 'ebike': 1}",0,0,1,1747683900,1747683951
7100,10,"{'mechanical': 10, 'ebike': 0}",0,16,1,1747683809,1747683951
7101,14,"{'mechanical': 14, 'ebike': 0}",1,12,0,1747683771,1747683951
7102,3,"{'mechanical': 2, 'ebike': 1}",0,26,1,1747683787,1747683951
7103,13,"{'mechanical': 12, 'ebike': 1}",0,1,0,1747683779,1747683951
7104,3,"{'mechanical': 3, 'ebike': 0}",0,9,3,1747683879,1747683951
7105,3,"{'mechanical': 3, 'ebike': 0}",0,10,1,1747683810,1747683951
7106,3,"{'mechanical': 3, 'ebike': 0}",1,23,0,1747683817,1747683951
7107,2,"{'mechanical': 2, 'ebike': 0}",0,13,0,1747683794,1747683951
7108,8,"{'mechanical': 8, 'ebike': 0}",0,5,1,1747683851,1747683951
7110,4,"{'mechanical': 4, 'ebike': 0}",0,9,2,1747683880,1747683951
7111,2,"{'mechanical': 2, 'ebike': 0}",0,8,1,1747683933,1747683951
7112,9,"{'mechanical': 8, 'ebike': 1}",0,9,1,1747683918,1747683951
7113,3,"{'mechanical': 3, 'ebike': 0}",1,11,0,1747683790,1747683951
7114,22,"{'mechanical': 21, 'ebike': 1}",0,4,0,1747683869,1747683951
7115,18,"{'mechanical': 18, 'ebike': 0}",0,13,0,1747683878,1747683951
7116,0,"{'mechanical': 0, 'ebike': 0}",0,19,0,1747683807,1747683951
7117,0,"{'mechanical': 0, 'ebike': 0}",0,18,1,1747683950,1747683951
7118,0,"{'mechanical': 0, 'ebike': 0}",0,19,0,1747683846,1747683951
7119,12,"{'mechanical': 9, 'ebike': 3}",0,0,0,1747683811,1747683951
7120,5,"{'mechanical': 5, 'ebike': 0}",0,4,0,1747683868,1747683951
7121,4,"{'mechanical': 4, 'ebike': 0}",0,23,0,1747683827,1747683951
7122,12,"{'mechanical': 12, 'ebike': 0}",0,3,0,1747683899,1747683951
7123,13,"{'mechanical': 7, 'ebike': 6}",0,1,1,1747683892,1747683951
7124,13,"{'mechanical': 12, 'ebike': 1}",1,5,0,1747683907,1747683951
7126,2,"{'mechanical': 1, 'ebike': 1}",1,12,1,1747683794,1747683951
7127,5,"{'mechanical': 3, 'ebike': 2}",1,8,1,1747683878,1747683951
7128,0,"{'mechanical': 0, 'ebike': 0}",0,22,1,1747683809,1747683951
7129,4,"{'mechanical': 3, 'ebike': 1}",0,5,2,1747683846,1747683951
7130,5,"{'mechanical': 5, 'ebike': 0}",2,7,1,1747683941,1747683951
7131,3,"{'mechanical': 0, 'ebike': 3}",0,12,0,1747683815,1747683951
7132,2,"{'mechanical': 0, 'ebike': 2}",0,7,0,1747683859,1747683951
7135,26,"{'mechanical': 26, 'ebike': 0}",0,2,1,1747683939,1747683951
7137,5,"{'mechanical': 1, 'ebike': 4}",1,9,0,1747683832,1747683951
7138,0,"{'mechanical': 0, 'ebike': 0}",1,26,0,1747683918,1747683951
7139,4,"{'mechanical': 4, 'ebike': 0}",1,9,1,1747683933,1747683951
7140,0,"{'mechanical': 0, 'ebike': 0}",0,14,1,1747683840,1747683951
7141,6,"{'mechanical': 5, 'ebike': 1}",0,9,0,1747683857,1747683951
7142,11,"{'mechanical': 3, 'ebike': 8}",0,4,0,1747683924,1747683951
7143,3,"{'mechanical': 0, 'ebike': 3}",0,11,1,1747683806,1747683951
7144,4,"{'mechanical': 3, 'ebike': 1}",0,11,0,1747683882,1747683951
7146,10,"{'mechanical': 1, 'ebike': 9}",0,9,0,1747683806,1747683951
7147,14,"{'mechanical': 13, 'ebike': 1}",0,1,0,1747683774,1747683951
7148,20,"{'mechanical': 20, 'ebike': 0}",0,2,1,1747683796,1747683951
7149,0,"{'mechanical': 0, 'ebike': 0}",0,11,0,1747683924,1747683951
7150,6,"{'mechanical': 3, 'ebike': 3}",1,12,0,1747683869,1747683951
7151,1,"{'mechanical': 1, 'ebike': 0}",0,17,1,1747683898,1747683951
7153,10,"{'mechanical': 7, 'ebike': 3}",0,6,0,1747683840,1747683951
7154,9,"{'mechanical': 9, 'ebike': 0}",1,12,1,1747683837,1747683951
7155,9,"{'mechanical': 1, 'ebike': 8}",0,10,0,1747683790,1747683951
7156,1,"{'mechanical': 0, 'ebike': 1}",0,14,0,1747683786,1747683951
7157,9,"{'mechanical': 8, 'ebike': 1}",0,13,1,1747683943,1747683951
7158,12,"{'mechanical': 11, 'ebike': 1}",0,1,1,1747683810,1747683951
7160,15,"{'mechanical': 14, 'ebike': 1}",0,4,0,1747683812,1747683951
7161,6,"{'mechanical': 6, 'ebike': 0}",0,16,1,1747683806,1747683951
7162,3,"{'mechanical': 2, 'ebike': 1}",1,17,1,1747683814,1747683951
7163,6,"{'mechanical': 6, 'ebike': 0}",0,8,1,1747683933,1747683951
7164,11,"{'mechanical': 11, 'ebike': 0}",1,10,1,1747683806,1747683951
7168,32,"{'mechanical': 30, 'ebike': 2}",0,14,0,1747683888,1747683951
7169,10,"{'mechanical': 9, 'ebike': 1}",0,1,0,1747683843,1747683951
7170,2,"{'mechanical': 2, 'ebike': 0}",0,12,1,1747683810,1747683951
7171,11,"{'mechanical': 11, 'ebike': 0}",1,15,0,1747683923,1747683951
7172,11,"{'mechanical': 11, 'ebike': 0}",0,7,1,1747683945,1747683951
7173,0,"{'mechanical': 0, 'ebike': 0}",2,17,0,1747683774,1747683951
7174,7,"{'mechanical': 6, 'ebike': 1}",1,7,0,1747683929,1747683951
7175,17,"{'mechanical': 17, 'ebike': 0}",1,7,1,1747683836,1747683951
7176,8,"{'mechanical': 8, 'ebike': 0}",2,9,0,1747683915,1747683951
7178,3,"{'mechanical': 3, 'ebike': 0}",0,10,2,1747683934,1747683951
7180,13,"{'mechanical': 1, 'ebike': 12}",0,10,0,1747683857,1747683951
7181,8,"{'mechanical': 8, 'ebike': 0}",0,6,0,1747683869,1747683951
7182,1,"{'mechanical': 0, 'ebike': 1}",0,18,0,1747683921,1747683951
7183,3,"{'mechanical': 1, 'ebike': 2}",0,12,0,1747683848,1747683951
7188,11,"{'mechanical': 11, 'ebike': 0}",0,4,0,1747683780,1747683951
7189,12,"{'mechanical': 11, 'ebike': 1}",0,1,0,1747683849,1747683951
7190,4,"{'mechanical': 4, 'ebike': 0}",0,8,0,1747683850,1747683951
7191,0,"{'mechanical': 0, 'ebike': 0}",3,6,2,1747683819,1747683951
7192,4,"{'mechanical': 3, 'ebike': 1}",0,11,0,1747683875,1747683951
7193,4,"{'mechanical': 4, 'ebike': 0}",0,11,0,1747683828,1747683951
7194,8,"{'mechanical': 3, 'ebike': 5}",0,15,0,1747683853,1747683951
7195,0,"{'mechanical': 0, 'ebike': 0}",0,10,0,1747683775,1747683951
7196,3,"{'mechanical': 0, 'ebike': 3}",0,5,0,1747683904,1747683951
7197,10,"{'mechanical': 9, 'ebike': 1}",1,0,0,1747683778,1747683951
7198,18,"{'mechanical': 17, 'ebike': 1}",0,1,0,1747683790,1747683951
7199,7,"{'mechanical': 5, 'ebike': 2}",0,11,0,1747683788,1747683951
7203,21,"{'mechanical': 19, 'ebike': 2}",2,11,0,1747683814,1747683951
7204,4,"{'mechanical': 4, 'ebike': 0}",0,15,0,1747683917,1747683951
7205,7,"{'mechanical': 7, 'ebike': 0}",0,8,0,1747683924,1747683951
7206,1,"{'mechanical': 0, 'ebike': 1}",1,10,1,1747683793,1747683951
7207,41,"{'mechanical': 28, 'ebike': 13}",0,5,0,1747683836,1747683951
7208,4,"{'mechanical': 3, 'ebike': 1}",1,10,0,1747683812,1747683951
7209,16,"{'mechanical': 10, 'ebike': 6}",0,2,0,1747683834,1747683951
7210,11,"{'mechanical': 11, 'ebike': 0}",0,3,0,1747683941,1747683951
7211,5,"{'mechanical': 5, 'ebike': 0}",0,9,1,1747683871,1747683951
7216,18,"{'mechanical': 18, 'ebike': 0}",1,2,0,1747683880,1747683951
7217,12,"{'mechanical': 12, 'ebike': 0}",0,3,0,1747683777,1747683951
7220,11,"{'mechanical': 11, 'ebike': 0}",2,5,0,1747683903,1747683951
7221,4,"{'mechanical': 2, 'ebike': 2}",0,7,0,1747683808,1747683951
7222,25,"{'mechanical': 25, 'ebike': 0}",2,0,0,1747683901,1747683951
7223,10,"{'mechanical': 10, 'ebike': 0}",0,2,0,1747683892,1747683951
7224,0,"{'mechanical': 0, 'ebike': 0}",0,22,1,1747683940,1747683951
7225,11,"{'mechanical': 11, 'ebike': 0}",0,8,0,1747683905,1747683951
7226,10,"{'mechanical': 10, 'ebike': 0}",0,8,1,1747683944,1747683951
7227,23,"{'mechanical': 23, 'ebike': 0}",1,7,0,1747683924,1747683951
7228,6,"{'mechanical': 6, 'ebike': 0}",0,12,0,1747683842,1747683951
7229,6,"{'mechanical': 6, 'ebike': 0}",0,6,0,1747683890,1747683951
7230,18,"{'mechanical': 17, 'ebike': 1}",0,1,0,1747683797,1747683951
7231,5,"{'mechanical': 3, 'ebike': 2}",1,12,0,1747683940,1747683951
7232,5,"{'mechanical': 5, 'ebike': 0}",1,10,0,1747683915,1747683951
7233,5,"{'mechanical': 5, 'ebike': 0}",0,10,1,1747683822,1747683951
7234,5,"{'mechanical': 4, 'ebike': 1}",1,13,0,1747683922,1747683951
7235,6,"{'mechanical': 6, 'ebike': 0}",0,10,0,1747683837,1747683951
7236,12,"{'mechanical': 11, 'ebike': 1}",0,10,0,1747683836,1747683951
7237,5,"{'mechanical': 5, 'ebike': 0}",0,10,0,1747683910,1747683951
7238,8,"{'mechanical': 3, 'ebike': 5}",0,8,0,1747683919,1747683951
7239,16,"{'mechanical': 16, 'ebike': 0}",2,24,0,1747683937,1747683951
7240,26,"{'mechanical': 16, 'ebike': 10}",0,8,0,1747683791,1747683951
7241,5,"{'mechanical': 4, 'ebike': 1}",0,7,0,1747683796,1747683951
7242,10,"{'mechanical': 10, 'ebike': 0}",0,22,2,1747683826,1747683951
7243,6,"{'mechanical': 5, 'ebike': 1}",0,7,1,1747683948,1747683951
7244,3,"{'mechanical': 3, 'ebike': 0}",0,13,0,1747683924,1747683951
7246,1,"{'mechanical': 1, 'ebike': 0}",2,14,2,1747683924,1747683951
7247,11,"{'mechanical': 11, 'ebike': 0}",0,0,0,1747683848,1747683951
7248,13,"{'mechanical': 12, 'ebike': 1}",1,6,0,1747683792,1747683951
7249,36,"{'mechanical': 1, 'ebike': 35}",3,12,0,1747683876,1747683951
7250,11,"{'mechanical': 10, 'ebike': 1}",0,4,1,1747683906,1747683951
7252,3,"{'mechanical': 2, 'ebike': 1}",0,15,0,1747683834,1747683951
7253,4,"{'mechanical': 1, 'ebike': 3}",0,7,0,1747683930,1747683951
7256,0,"{'mechanical': 0, 'ebike': 0}",0,12,0,1747683911,1747683951
7257,5,"{'mechanical': 4, 'ebike': 1}",0,13,1,1747683875,1747683951
7258,9,"{'mechanical': 9, 'ebike': 0}",0,6,0,1747683939,1747683951
7259,12,"{'mechanical': 12, 'ebike': 0}",1,5,0,1747683789,1747683951
7260,10,"{'mechanical': 10, 'ebike': 0}",2,3,0,1747683850,1747683951
7261,6,"{'mechanical': 5, 'ebike': 1}",1,17,0,1747683845,1747683951
7262,1,"{'mechanical': 0, 'ebike': 1}",0,15,0,1747683925,1747683951
7264,3,"{'mechanical': 1, 'ebike': 2}",0,16,1,1747683886,1747683951
7265,4,"{'mechanical': 1, 'ebike': 3}",0,7,1,1747683903,1747683951
7267,0,"{'mechanical': 0, 'ebike': 0}",0,15,0,1747683923,1747683951
7268,7,"{'mechanical': 7, 'ebike': 0}",0,8,0,1747683839,1747683951
7269,6,"{'mechanical': 6, 'ebike': 0}",0,14,0,1747683874,1747683951
7270,7,"{'mechanical': 7, 'ebike': 0}",0,13,0,1747683850,1747683951
7271,0,"{'mechanical': 0, 'ebike': 0}",1,16,0,1747683884,1747683951
7272,1,"{'mechanical': 1, 'ebike': 0}",0,11,0,1747683934,1747683951
7273,6,"{'mechanical': 5, 'ebike': 1}",0,14,0,1747683850,1747683951
7274,3,"{'mechanical': 3, 'ebike': 0}",0,13,0,1747683862,1747683951
7276,2,"{'mechanical': 1, 'ebike': 1}",0,9,0,1747683926,1747683951
7277,2,"{'mechanical': 2, 'ebike': 0}",0,18,0,1747683775,1747683951
7278,14,"{'mechanical': 14, 'ebike': 0}",0,1,0,1747683894,1747683951
7279,1,"{'mechanical': 1, 'ebike': 0}",0,14,0,1747683786,1747683951
7280,6,"{'mechanical': 6, 'ebike': 0}",1,13,0,1747683801,1747683951
7281,7,"{'mechanical': 7, 'ebike': 0}",1,16,0,1747683825,1747683951
7282,14,"{'mechanical': 14, 'ebike': 0}",0,9,0,1747683911,1747683951
7283,9,"{'mechanical': 9, 'ebike': 0}",0,10,0,1747683799,1747683951
7284,2,"{'mechanical': 2, 'ebike': 0}",0,21,0,1747683889,1747683951
7285,14,"{'mechanical': 14, 'ebike': 0}",0,21,1,1747683786,1747683951
7286,14,"{'mechanical': 13, 'ebike': 1}",0,4,0,1747683910,1747683951
7287,14,"{'mechanical': 14, 'ebike': 0}",0,0,0,1747683927,1747683951
7288,16,"{'mechanical': 16, 'ebike': 0}",0,15,0,1747683773,1747683951
7289,14,"{'mechanical': 14, 'ebike': 0}",3,4,0,1747683860,1747683951
7291,3,"{'mechanical': 3, 'ebike': 0}",1,10,1,1747683881,1747683951
7292,5,"{'mechanical': 4, 'ebike': 1}",0,18,0,1747683860,1747683951
7296,1,"{'mechanical': 1, 'ebike': 0}",0,18,0,1747683879,1747683951
7297,7,"{'mechanical': 7, 'ebike': 0}",0,12,0,1747683822,1747683951
7298,10,"{'mechanical': 9, 'ebike': 1}",0,15,0,1747683860,1747683951
7299,11,"{'mechanical': 11, 'ebike': 0}",1,3,0,1747683874,1747683951
7301,2,"{'mechanical': 0, 'ebike': 2}",0,13,0,1747683937,1747683951
7302,1,"{'mechanical': 0, 'ebike': 1}",0,10,0,1747683874,1747683951
7303,15,"{'mechanical': 14, 'ebike': 1}",1,2,0,1747683908,1747683951
7309,22,"{'mechanical': 21, 'ebike': 1}",0,1,0,1747683863,1747683951
7311,0,"{'mechanical': 0, 'ebike': 0}",0,19,0,1747683864,1747683951
7312,9,"{'mechanical': 7, 'ebike': 2}",0,2,0,1747683892,1747683951
7313,10,"{'mechanical': 10, 'ebike': 0}",0,5,0,1747683925,1747683951
7314,14,"{'mechanical': 12, 'ebike': 2}",0,1,0,1747683862,1747683951
7315,11,"{'mechanical': 11, 'ebike': 0}",0,0,0,1747683801,1747683951
7316,15,"{'mechanical': 15, 'ebike': 0}",0,0,0,1747683875,1747683951
7317,19,"{'mechanical': 19, 'ebike': 0}",0,0,0,1747683939,1747683951
7318,15,"{'mechanical': 15, 'ebike': 0}",0,0,0,1747683874,1747683951
7319,10,"{'mechanical': 10, 'ebike': 0}",1,0,0,1747683944,1747683951
7320,12,"{'mechanical': 10, 'ebike': 2}",0,7,0,1747683949,1747683951
7321,14,"{'mechanical': 14, 'ebike': 0}",0,5,0,1747683913,1747683951
7322,11,"{'mechanical': 10, 'ebike': 1}",1,7,0,1747683823,1747683951
7323,11,"{'mechanical': 9, 'ebike': 2}",0,8,0,1747683831,1747683951
7324,11,"{'mechanical': 11, 'ebike': 0}",1,11,0,1747683904,1747683951
7326,4,"{'mechanical': 2, 'ebike': 2}",0,15,0,1747683918,1747683951
7327,2,"{'mechanical': 1, 'ebike': 1}",0,14,0,1747683808,1747683951
7329,14,"{'mechanical': 13, 'ebike': 1}",0,5,0,1747683924,1747683951
7331,0,"{'mechanical': 0, 'ebike': 0}",0,19,0,1747683884,1747683951
7332,6,"{'mechanical': 6, 'ebike': 0}",1,15,0,1747683932,1747683951
7333,3,"{'mechanical': 3, 'ebike': 0}",1,13,1,1747683848,1747683951
7334,12,"{'mechanical': 11, 'ebike': 1}",0,3,0,1747683851,1747683951
7335,5,"{'mechanical': 4, 'ebike': 1}",0,14,0,1747683791,1747683951
7336,17,"{'mechanical': 17, 'ebike': 0}",0,2,0,1747683935,1747683951
7337,20,"{'mechanical': 20, 'ebike': 0}",0,1,1,1747683853,1747683951
7338,15,"{'mechanical': 15, 'ebike': 0}",0,4,0,1747683857,1747683951
7339,9,"{'mechanical': 9, 'ebike': 0}",1,4,1,1747683945,1747683951
7340,10,"{'mechanical': 9, 'ebike': 1}",0,5,0,1747683821,1747683951
7341,15,"{'mechanical': 15, 'ebike': 0}",0,0,0,1747683835,1747683951
7342,9,"{'mechanical': 9, 'ebike': 0}",0,0,2,1747683830,1747683951
7343,23,"{'mechanical': 23, 'ebike': 0}",0,0,0,1747683799,1747683951
7344,36,"{'mechanical': 35, 'ebike': 1}",1,11,0,1747683874,1747683951
7345,19,"{'mechanical': 19, 'ebike': 0}",0,11,0,1747683795,1747683951
7346,20,"{'mechanical': 18, 'ebike': 2}",0,3,0,1747683802,1747683951
7347,1,"{'mechanical': 1, 'ebike': 0}",0,14,0,1747683845,1747683951
7348,1,"{'mechanical': 0, 'ebike': 1}",0,18,0,1747683866,1747683951
7349,0,"{'mechanical': 0, 'ebike': 0}",0,21,1,1747683782,1747683951
7350,2,"{'mechanical': 1, 'ebike': 1}",0,21,0,1747683902,1747683951
7351,9,"{'mechanical': 6, 'ebike': 3}",1,9,0,1747683781,1747683951
7352,1,"{'mechanical': 0, 'ebike': 1}",0,17,1,1747683838,1747683951
7353,3,"{'mechanical': 2, 'ebike': 1}",0,16,0,1747683820,1747683951
7354,5,"{'mechanical': 5, 'ebike': 0}",1,24,1,1747683898,1747683951
7355,2,"{'mechanical': 1, 'ebike': 1}",0,13,0,1747683943,1747683951
7356,9,"{'mechanical': 9, 'ebike': 0}",1,21,0,1747683790,1747683951
7357,9,"{'mechanical': 8, 'ebike': 1}",1,8,1,1747683810,1747683951
7358,3,"{'mechanical': 2, 'ebike': 1}",0,11,3,1747683889,1747683951
7359,6,"{'mechanical': 2, 'ebike': 4}",0,16,1,1747683915,1747683951
7360,4,"{'mechanical': 2, 'ebike': 2}",0,13,0,1747683814,1747683951
7361,7,"{'mechanical': 1, 'ebike': 6}",0,12,0,1747683771,1747683951
7362,7,"{'mechanical': 7, 'ebike': 0}",0,12,0,1747683820,1747683951
7363,1,"{'mechanical': 1, 'ebike': 0}",0,14,0,1747683874,1747683951
7364,18,"{'mechanical': 17, 'ebike': 1}",0,1,0,1747683777,1747683951
7365,19,"{'mechanical': 19, 'ebike': 0}",1,3,0,1747683790,1747683951
7366,14,"{'mechanical': 14, 'ebike': 0}",0,6,0,1747683787,1747683951
7367,14,"{'mechanical': 14, 'ebike': 0}",0,1,0,1747683828,1747683951
7368,1,"{'mechanical': 1, 'ebike': 0}",0,5,2,1747683827,1747683951
7371,0,"{'mechanical': 0, 'ebike': 0}",0,20,0,1747683798,1747683951
7373,7,"{'mechanical': 7, 'ebike': 0}",0,7,0,1747683818,1747683951
7374,5,"{'mechanical': 5, 'ebike': 0}",0,14,0,1747683795,1747683951
7375,4,"{'mechanical': 4, 'ebike': 0}",0,7,0,1747683856,1747683951
7376,8,"{'mechanical': 3, 'ebike': 5}",0,11,0,1747683784,1747683951
7377,3,"{'mechanical': 2, 'ebike': 1}",0,32,0,1747683916,1747683951
7378,1,"{'mechanical': 1, 'ebike': 0}",0,14,0,1747683904,1747683951
7379,1,"{'mechanical': 0, 'ebike': 1}",0,13,1,1747683890,1747683951
7380,0,"{'mechanical': 0, 'ebike': 0}",0,16,0,1747683857,1747683951
7381,13,"{'mechanical': 9, 'ebike': 4}",1,20,1,1747683934,1747683951
7383,2,"{'mechanical': 2, 'ebike': 0}",0,13,0,1747683826,1747683951
7384,7,"{'mechanical': 7, 'ebike': 0}",0,2,0,1747683774,1747683951
7385,5,"{'mechanical': 1, 'ebike': 4}",5,23,0,1747683884,1747683951
7386,2,"{'mechanical': 1, 'ebike': 1}",0,14,0,1747683856,1747683951
7387,3,"{'mechanical': 3, 'ebike': 0}",0,9,0,1747683850,1747683951
7388,0,"{'mechanical': 0, 'ebike': 0}",1,14,0,1747683868,1747683951
7389,7,"{'mechanical': 6, 'ebike': 1}",0,18,0,1747683888,1747683951
7391,11,"{'mechanical': 11, 'ebike': 0}",0,20,0,1747683924,1747683951
7395,1,"{'mechanical': 1, 'ebike': 0}",0,22,0,1747683893,1747683951
7398,8,"{'mechanical': 8, 'ebike': 0}",1,8,2,1747683948,1747683951
7399,7,"{'mechanical': 6, 'ebike': 1}",0,12,0,1747683779,1747683951
7400,11,"{'mechanical': 11, 'ebike': 0}",0,12,0,1747683922,1747683951
7403,1,"{'mechanical': 1, 'ebike': 0}",0,18,0,1747683848,1747683951
7404,0,"{'mechanical': 0, 'ebike': 0}",0,16,3,1747683878,1747683951
7407,12,"{'mechanical': 10, 'ebike': 2}",2,3,0,1747683823,1747683951
7409,16,"{'mechanical': 16, 'ebike': 0}",0,11,0,1747683905,1747683951
7410,3,"{'mechanical': 2, 'ebike': 1}",0,16,0,1747683831,1747683951
7411,12,"{'mechanical': 12, 'ebike': 0}",0,8,1,1747683896,1747683951
7412,6,"{'mechanical': 0, 'ebike': 6}",1,16,0,1747683939,1747683951
7414,1,"{'mechanical': 0, 'ebike': 1}",0,14,0,1747683812,1747683951
7415,1,"{'mechanical': 0, 'ebike': 1}",0,22,0,1747683813,1747683951
7416,10,"{'mechanical': 10, 'ebike': 0}",1,19,0,1747683949,1747683951
7417,3,"{'mechanical': 2, 'ebike': 1}",1,7,0,1747683841,1747683951
7418,5,"{'mechanical': 4, 'ebike': 1}",0,19,0,1747683949,1747683951
7419,6,"{'mechanical': 5, 'ebike': 1}",0,21,0,1747683795,1747683951
7420,10,"{'mechanical': 9, 'ebike': 1}",0,17,1,1747683863,1747683951
7422,10,"{'mechanical': 10, 'ebike': 0}",0,6,0,1747683826,1747683951
7424,1,"{'mechanical': 0, 'ebike': 1}",0,22,0,1747683932,1747683951
7425,13,"{'mechanical': 13, 'ebike': 0}",2,6,1,1747683820,1747683951
7427,12,"{'mechanical': 9, 'ebike': 3}",3,12,0,1747683868,1747683951
7428,19,"{'mechanical': 19, 'ebike': 0}",1,5,0,1747683837,1747683951
7429,3,"{'mechanical': 0, 'ebike': 3}",0,12,0,1747683898,1747683951
7430,15,"{'mechanical': 15, 'ebike': 0}",2,9,0,1747683895,1747683951
7431,24,"{'mechanical': 23, 'ebike': 1}",1,1,0,1747683799,1747683951
7432,10,"{'mechanical': 10, 'ebike': 0}",0,37,0,1747683948,1747683951
7433,12,"{'mechanical': 11, 'ebike': 1}",0,3,0,1747683802,1747683951
7434,22,"{'mechanical': 0, 'ebike': 22}",7,10,0,1747683813,1747683951
7435,0,"{'mechanical': 0, 'ebike': 0}",0,10,0,1747683948,1747683951
7437,8,"{'mechanical': 6, 'ebike': 2}",0,6,1,1747683887,1747683951
7438,14,"{'mechanical': 13, 'ebike': 1}",1,4,0,1747683871,1747683951
7441,5,"{'mechanical': 5, 'ebike': 0}",0,17,0,1747683844,1747683951
7442,2,"{'mechanical': 1, 'ebike': 1}",0,10,2,1747683943,1747683951
7443,4,"{'mechanical': 4, 'ebike': 0}",1,20,0,1747683932,1747683951
7444,1,"{'mechanical': 1, 'ebike': 0}",0,18,1,1747683805,1747683951
7445,15,"{'mechanical': 11, 'ebike': 4}",0,3,0,1747683887,1747683951
7446,17,"{'mechanical': 17, 'ebike': 0}",0,2,0,1747683880,1747683951
7447,4,"{'mechanical': 3, 'ebike': 1}",0,17,2,1747683861,1747683951
7448,7,"{'mechanical': 5, 'ebike': 2}",0,12,0,1747683913,1747683951
7449,10,"{'mechanical': 8, 'ebike': 2}",0,5,0,1747683908,1747683951
7451,5,"{'mechanical': 4, 'ebike': 1}",0,24,0,1747683927,1747683951
7452,2,"{'mechanical': 2, 'ebike': 0}",2,18,0,1747683818,1747683951
7453,0,"{'mechanical': 0, 'ebike': 0}",0,17,0,1747683858,1747683951
7454,8,"{'mechanical': 8, 'ebike': 0}",1,6,0,1747683825,1747683951
7455,2,"{'mechanical': 2, 'ebike': 0}",3,21,1,1747683834,1747683951
7457,8,"{'mechanical': 7, 'ebike': 1}",0,13,1,1747683871,1747683951
7458,8,"{'mechanical': 7, 'ebike': 1}",0,9,0,1747683879,1747683951
7459,1,"{'mechanical': 1, 'ebike': 0}",1,9,0,1747683821,1747683951
7460,1,"{'mechanical': 1, 'ebike': 0}",2,24,0,1747683875,1747683951
7461,0,"{'mechanical': 0, 'ebike': 0}",3,20,0,1747683836,1747683951
7462,11,"{'mechanical': 11, 'ebike': 0}",2,4,0,1747683776,1747683951
7465,0,"{'mechanical': 0, 'ebike': 0}",1,17,1,1747683909,1747683951
7466,1,"{'mechanical': 1, 'ebike': 0}",0,18,0,1747683829,1747683951
7467,3,"{'mechanical': 3, 'ebike': 0}",0,11,0,1747683910,1747683951
7468,14,"{'mechanical': 14, 'ebike': 0}",0,11,2,1747683817,1747683951
7469,15,"{'mechanical': 15, 'ebike': 0}",0,7,0,1747683917,1747683951
7471,6,"{'mechanical': 6, 'ebike': 0}",3,6,0,1747683915,1747683951
7473,11,"{'mechanical': 7, 'ebike': 4}",1,2,1,1747683830,1747683951
7474,18,"{'mechanical': 18, 'ebike': 0}",0,5,0,1747683896,1747683951
7475,2,"{'mechanical': 2, 'ebike': 0}",0,17,0,1747683837,1747683951
7476,4,"{'mechanical': 1, 'ebike': 3}",0,11,0,1747683838,1747683951
7477,4,"{'mechanical': 0, 'ebike': 4}",0,16,0,1747683898,1747683951
7478,16,"{'mechanical': 16, 'ebike': 0}",2,1,0,1747683849,1747683951
7479,7,"{'mechanical': 1, 'ebike': 6}",0,7,1,1747683862,1747683951
7480,0,"{'mechanical': 0, 'ebike': 0}",0,15,0,1747683806,1747683951
7483,9,"{'mechanical': 7, 'ebike': 2}",0,3,0,1747683879,1747683951
7484,3,"{'mechanical': 2, 'ebike': 1}",0,13,0,1747683791,1747683951
7485,13,"{'mechanical': 12, 'ebike': 1}",0,3,0,1747683809,1747683951
7486,2,"{'mechanical': 2, 'ebike': 0}",0,20,0,1747683788,1747683951
7487,10,"{'mechanical': 10, 'ebike': 0}",0,3,0,1747683868,1747683951
7488,1,"{'mechanical': 1, 'ebike': 0}",0,10,0,1747683899,1747683951
7489,4,"{'mechanical': 4, 'ebike': 0}",0,15,0,1747683920,1747683951
7492,3,"{'mechanical': 3, 'ebike': 0}",0,12,0,1747683786,1747683951
7493,9,"{'mechanical': 8, 'ebike': 1}",0,3,0,1747683846,1747683951
7494,5,"{'mechanical': 5, 'ebike': 0}",0,7,0,1747683885,1747683951
7496,10,"{'mechanical': 9, 'ebike': 1}",0,9,0,1747683856,1747683951
7497,18,"{'mechanical': 10, 'ebike': 8}",0,1,0,1747683941,1747683951
7501,1,"{'mechanical': 1, 'ebike': 0}",0,19,0,1747683854,1747683951
7502,3,"{'mechanical': 1, 'ebike': 2}",0,15,2,1747683929,1747683951
7503,2,"{'mechanical': 1, 'ebike': 1}",0,18,0,1747683949,1747683951
7504,11,"{'mechanical': 11, 'ebike': 0}",0,5,0,1747683896,1747683951
7505,5,"{'mechanical': 4, 'ebike': 1}",0,12,0,1747683918,1747683951
7506,1,"{'mechanical': 1, 'ebike': 0}",0,11,0,1747683841,1747683951
7508,21,"{'mechanical': 20, 'ebike': 1}",0,18,0,1747683840,1747683951
7514,39,"{'mechanical': 39, 'ebike': 0}",1,18,2,1747683779,1747683951
7515,25,"{'mechanical': 25, 'ebike': 0}",0,0,0,1747683834,1747683951
7516,8,"{'mechanical': 8, 'ebike': 0}",1,8,0,1747683928,1747683951
7517,15,"{'mechanical': 15, 'ebike': 0}",1,7,0,1747683788,1747683951
7518,22,"{'mechanical': 22, 'ebike': 0}",2,0,0,1747683808,1747683951
7519,3,"{'mechanical': 1, 'ebike': 2}",0,16,0,1747683859,1747683951
7520,8,"{'mechanical': 8, 'ebike': 0}",0,6,1,1747683773,1747683951
7521,3,"{'mechanical': 0, 'ebike': 3}",0,20,0,1747683903,1747683951
7522,0,"{'mechanical': 0, 'ebike': 0}",0,17,0,1747683805,1747683951
7523,6,"{'mechanical': 6, 'ebike': 0}",1,8,0,1747683827,1747683951
7524,14,"{'mechanical': 12, 'ebike': 2}",0,20,1,1747683836,1747683951
7526,4,"{'mechanical': 2, 'ebike': 2}",0,18,0,1747683811,1747683951
7527,3,"{'mechanical': 0, 'ebike': 3}",0,16,0,1747683856,1747683951
7528,4,"{'mechanical': 2, 'ebike': 2}",1,11,1,1747683898,1747683951
7529,0,"{'mechanical': 0, 'ebike': 0}",0,15,0,1747683795,1747683951
7530,1,"{'mechanical': 1, 'ebike': 0}",13,8,0,1747683781,1747683951
7531,1,"{'mechanical': 1, 'ebike': 0}",3,16,0,1747683897,1747683951
7533,7,"{'mechanical': 7, 'ebike': 0}",1,19,0,1747683792,1747683951
7534,13,"{'mechanical': 8, 'ebike': 5}",0,1,0,1747683892,1747683951
7536,0,"{'mechanical': 0, 'ebike': 0}",0,23,0,1747683922,1747683951
7537,0,"{'mechanical': 0, 'ebike': 0}",0,16,0,1747683843,1747683951
7538,6,"{'mechanical': 3, 'ebike': 3}",0,13,0,1747683795,1747683951
7539,1,"{'mechanical': 0, 'ebike': 1}",1,17,0,1747683817,1747683951
7540,0,"{'mechanical': 0, 'ebike': 0}",0,19,0,1747683904,1747683951
7541,8,"{'mechanical': 7, 'ebike': 1}",1,10,1,1747683827,1747683951
7542,9,"{'mechanical': 9, 'ebike': 0}",1,13,0,1747683883,1747683951
7543,4,"{'mechanical': 2, 'ebike': 2}",0,11,0,1747683840,1747683951
7545,2,"{'mechanical': 2, 'ebike': 0}",0,13,0,1747683833,1747683951
7546,1,"{'mechanical': 0, 'ebike': 1}",0,17,0,1747683891,1747683951
7547,5,"{'mechanical': 4, 'ebike': 1}",0,10,0,1747683791,1747683951
7548,3,"{'mechanical': 1, 'ebike': 2}",0,17,0,1747683905,1747683951
7549,17,"{'mechanical': 17, 'ebike': 0}",2,26,0,1747683813,1747683951
7551,5,"{'mechanical': 5, 'ebike': 0}",1,8,0,1747683848,1747683951
7552,16,"{'mechanical': 16, 'ebike': 0}",0,3,0,1747683869,1747683951
7553,1,"{'mechanical': 1, 'ebike': 0}",2,16,0,1747683777,1747683951
7554,23,"{'mechanical': 23, 'ebike': 0}",2,2,0,1747683835,1747683951
7555,17,"{'mechanical': 16, 'ebike': 1}",0,3,0,1747683917,1747683951
7556,3,"{'mechanical': 2, 'ebike': 1}",0,27,1,1747683800,1747683951
7557,20,"{'mechanical': 20, 'ebike': 0}",0,2,1,1747683864,1747683951
7558,6,"{'mechanical': 6, 'ebike': 0}",0,13,0,1747683881,1747683951
7559,5,"{'mechanical': 4, 'ebike': 1}",0,9,1,1747683852,1747683951
7561,3,"{'mechanical': 1, 'ebike': 2}",0,11,0,1747683863,1747683951
7562,0,"{'mechanical': 0, 'ebike': 0}",1,18,4,1747683779,1747683951
7563,0,"{'mechanical': 0, 'ebike': 0}",0,18,1,1747683842,1747683951
7564,2,"{'mechanical': 0, 'ebike': 2}",0,21,0,1747683943,1747683951
7565,2,"{'mechanical': 2, 'ebike': 0}",0,20,1,1747683883,1747683951
7566,1,"{'mechanical': 1, 'ebike': 0}",0,18,0,1747683872,1747683951
7567,1,"{'mechanical': 1, 'ebike': 0}",0,26,0,1747683837,1747683951
7568,22,"{'mechanical': 21, 'ebike': 1}",0,3,0,1747683878,1747683951
7569,15,"{'mechanical': 15, 'ebike': 0}",1,30,1,1747683814,1747683951
7570,6,"{'mechanical': 5, 'ebike': 1}",10,1,0,1747683911,1747683951
7571,17,"{'mechanical': 17, 'ebike': 0}",0,2,0,1747683809,1747683951
7572,5,"{'mechanical': 4, 'ebike': 1}",0,10,0,1747683939,1747683951
7575,5,"{'mechanical': 4, 'ebike': 1}",0,8,2,1747683841,1747683951
7576,10,"{'mechanical': 8, 'ebike': 2}",0,12,1,1747683914,1747683951
7577,3,"{'mechanical': 3, 'ebike': 0}",0,24,0,1747683816,1747683951
7579,0,"{'mechanical': 0, 'ebike': 0}",1,18,0,1747683798,1747683951
7580,0,"{'mechanical': 0, 'ebike': 0}",1,14,0,1747683844,1747683951
7581,1,"{'mechanical': 1, 'ebike': 0}",0,14,0,1747683917,1747683951
7582,0,"{'mechanical': 0, 'ebike': 0}",0,16,0,1747683814,1747683951
7583,0,"{'mechanical': 0, 'ebike': 0}",0,22,0,1747683880,1747683951
7584,0,"{'mechanical': 0, 'ebike': 0}",1,24,2,1747683948,1747683951
7585,0,"{'mechanical': 0, 'ebike': 0}",2,24,1,1747683926,1747683951
7586,1,"{'mechanical': 1, 'ebike': 0}",0,22,0,1747683831,1747683951
7587,0,"{'mechanical': 0, 'ebike': 0}",1,13,5,1747683941,1747683951
7588,0,"{'mechanical': 0, 'ebike': 0}",0,19,0,1747683829,1747683951
7589,0,"{'mechanical': 0, 'ebike': 0}",0,14,1,1747683801,1747683951
7590,0,"{'mechanical': 0, 'ebike': 0}",1,22,0,1747683908,1747683951
7591,1,"{'mechanical': 0, 'ebike': 1}",0,20,2,1747683898,1747683951
7593,8,"{'mechanical': 8, 'ebike': 0}",0,19,0,1747683934,1747683951
7594,7,"{'mechanical': 5, 'ebike': 2}",0,8,0,1747683786,1747683951
7595,5,"{'mechanical': 2, 'ebike': 3}",0,10,0,1747683814,1747683951
7596,11,"{'mechanical': 0, 'ebike': 11}",0,21,0,1747683830,1747683951
7597,0,"{'mechanical': 0, 'ebike': 0}",0,15,0,1747683884,1747683951
7598,2,"{'mechanical': 1, 'ebike': 1}",1,12,0,1747683786,1747683951
7599,6,"{'mechanical': 5, 'ebike': 1}",2,8,1,1747683914,1747683951
7600,6,"{'mechanical': 5, 'ebike': 1}",0,13,1,1747683899,1747683951
7601,15,"{'mechanical': 15, 'ebike': 0}",2,3,1,1747683812,1747683951
7602,4,"{'mechanical': 4, 'ebike': 0}",0,15,0,1747683783,1747683951
7603,5,"{'mechanical': 5, 'ebike': 0}",0,9,0,1747683937,1747683951
7604,10,"{'mechanical': 10, 'ebike': 0}",0,9,0,1747683942,1747683951
7605,2,"{'mechanical': 1, 'ebike': 1}",0,18,0,1747683897,1747683951
7606,11,"{'mechanical': 10, 'ebike': 1}",0,8,0,1747683932,1747683951
7607,15,"{'mechanical': 15, 'ebike': 0}",0,3,0,1747683801,1747683951
7608,5,"{'mechanical': 5, 'ebike': 0}",2,20,0,1747683801,1747683951
7609,4,"{'mechanical': 3, 'ebike': 1}",0,23,0,1747683880,1747683951
7610,12,"{'mechanical': 10, 'ebike': 2}",0,3,0,1747683919,1747683951
7611,13,"{'mechanical': 13, 'ebike': 0}",0,6,0,1747683839,1747683951
7612,16,"{'mechanical': 16, 'ebike': 0}",0,2,0,1747683897,1747683951
7613,5,"{'mechanical': 5, 'ebike': 0}",0,13,1,1747683925,1747683951
7614,11,"{'mechanical': 11, 'ebike': 0}",2,10,0,1747683887,1747683951
7615,12,"{'mechanical': 12, 'ebike': 0}",2,5,0,1747683842,1747683951
7616,0,"{'mechanical': 0, 'ebike': 0}",3,16,0,1747683891,1747683951
7617,3,"{'mechanical': 3, 'ebike': 0}",3,13,0,1747683777,1747683951
7618,1,"{'mechanical': 1, 'ebike': 0}",1,16,0,1747683925,1747683951
7619,0,"{'mechanical': 0, 'ebike': 0}",0,13,2,1747683787,1747683951
7620,0,"{'mechanical': 0, 'ebike': 0}",2,29,0,1747683891,1747683951
7622,12,"{'mechanical': 12, 'ebike': 0}",1,10,0,1747683918,1747683951
7623,14,"{'mechanical': 14, 'ebike': 0}",0,5,0,1747683889,1747683951
7624,4,"{'mechanical': 4, 'ebike': 0}",2,5,0,1747683873,1747683951
7625,4,"{'mechanical': 2, 'ebike': 2}",1,18,0,1747683852,1747683951
7626,17,"{'mechanical': 17, 'ebike': 0}",8,0,0,1747683842,1747683951
7627,3,"{'mechanical': 1, 'ebike': 2}",0,11,0,1747683823,1747683951
7629,10,"{'mechanical': 10, 'ebike': 0}",2,3,0,1747683812,1747683951
7630,20,"{'mechanical': 20, 'ebike': 0}",0,2,0,1747683935,1747683951
7632,1,"{'mechanical': 0, 'ebike': 1}",0,16,0,1747683838,1747683951
7633,9,"{'mechanical': 9, 'ebike': 0}",0,5,0,1747683916,1747683951
7635,5,"{'mechanical': 2, 'ebike': 3}",0,9,1,1747683922,1747683951
7636,3,"{'mechanical': 2, 'ebike': 1}",0,19,0,1747683856,1747683951
7637,14,"{'mechanical': 13, 'ebike': 1}",0,5,0,1747683911,1747683951
7639,7,"{'mechanical': 7, 'ebike': 0}",0,9,0,1747683938,1747683951
7640,1,"{'mechanical': 0, 'ebike': 1}",0,14,0,1747683883,1747683951
7641,0,"{'mechanical': 0, 'ebike': 0}",0,14,1,1747683794,1747683951
7642,8,"{'mechanical': 7, 'ebike': 1}",0,10,1,1747683928,1747683951
7643,2,"{'mechanical': 0, 'ebike': 2}",1,16,0,1747683804,1747683951
7644,5,"{'mechanical': 1, 'ebike': 4}",0,9,1,1747683874,1747683951
7645,5,"{'mechanical': 4, 'ebike': 1}",3,8,0,1747683943,1747683951
7646,6,"{'mechanical': 6, 'ebike': 0}",0,6,0,1747683831,1747683951
7647,6,"{'mechanical': 6, 'ebike': 0}",0,10,1,1747683908,1747683951
7650,3,"{'mechanical': 3, 'ebike': 0}",1,19,0,1747683838,1747683951
7654,2,"{'mechanical': 2, 'ebike': 0}",0,5,0,1747683832,1747683951
7655,6,"{'mechanical': 6, 'ebike': 0}",0,9,0,1747683911,1747683951
7656,8,"{'mechanical': 7, 'ebike': 1}",1,1,1,1747683923,1747683951
7657,2,"{'mechanical': 1, 'ebike': 1}",3,14,1,1747683901,1747683951
7658,8,"{'mechanical': 8, 'ebike': 0}",3,15,1,1747683842,1747683951
7659,3,"{'mechanical': 0, 'ebike': 3}",0,16,0,1747683789,1747683951
7660,6,"{'mechanical': 6, 'ebike': 0}",2,31,0,1747683877,1747683951
7662,0,"{'mechanical': 0, 'ebike': 0}",1,18,0,1747683780,1747683951
7663,3,"{'mechanical': 1, 'ebike': 2}",0,14,0,1747683877,1747683951
7664,1,"{'mechanical': 1, 'ebike': 0}",0,14,0,1747683818,1747683951
7665,3,"{'mechanical': 0, 'ebike': 3}",0,8,0,1747683842,1747683951
7666,8,"{'mechanical': 8, 'ebike': 0}",0,17,1,1747683862,1747683951
7667,13,"{'mechanical': 0, 'ebike': 13}",0,19,1,1747683783,1747683951
7668,0,"{'mechanical': 0, 'ebike': 0}",7,13,0,1747683859,1747683951
7671,1,"{'mechanical': 0, 'ebike': 1}",0,11,0,1747683783,1747683951
7675,6,"{'mechanical': 6, 'ebike': 0}",0,9,0,1747683825,1747683951
7676,8,"{'mechanical': 6, 'ebike': 2}",0,8,0,1747683902,1747683951
7677,0,"{'mechanical': 0, 'ebike': 0}",0,15,1,1747683801,1747683951
7678,0,"{'mechanical': 0, 'ebike': 0}",0,16,0,1747683836,1747683951
7679,0,"{'mechanical': 0, 'ebike': 0}",0,13,2,1747683926,1747683951
7680,9,"{'mechanical': 9, 'ebike': 0}",0,10,0,1747683886,1747683951
7681,5,"{'mechanical': 5, 'ebike': 0}",5,14,0,1747683856,1747683951
7682,20,"{'mechanical': 20, 'ebike': 0}",1,14,0,1747683893,1747683951
7684,7,"{'mechanical': 7, 'ebike': 0}",1,15,0,1747683809,1747683951
7685,1,"{'mechanical': 1, 'ebike': 0}",0,21,0,1747683949,1747683951
7686,7,"{'mechanical': 7, 'ebike': 0}",0,7,0,1747683819,1747683951
7687,3,"{'mechanical': 1, 'ebike': 2}",0,9,0,1747683839,1747683951
7691,6,"{'mechanical': 0, 'ebike': 6}",0,13,0,1747683819,1747683951
7692,15,"{'mechanical': 7, 'ebike': 8}",7,4,0,1747683776,1747683951
7693,5,"{'mechanical': 5, 'ebike': 0}",0,13,0,1747683945,1747683951
7694,8,"{'mechanical': 6, 'ebike': 2}",0,11,0,1747683853,1747683951
7695,18,"{'mechanical': 15, 'ebike': 3}",1,0,0,1747683876,1747683951
7696,17,"{'mechanical': 17, 'ebike': 0}",0,2,0,1747683929,1747683951
7698,1,"{'mechanical': 1, 'ebike': 0}",0,12,0,1747683865,1747683951
7699,0,"{'mechanical': 0, 'ebike': 0}",0,15,0,1747683885,1747683951
7700,0,"{'mechanical': 0, 'ebike': 0}",0,15,0,1747683894,1747683951
7701,9,"{'mechanical': 9, 'ebike': 0}",1,9,0,1747683891,1747683951
7702,4,"{'mechanical': 4, 'ebike': 0}",2,12,0,1747683817,1747683951
7703,7,"{'mechanical': 5, 'ebike': 2}",0,12,0,1747683788,1747683951
7704,4,"{'mechanical': 3, 'ebike': 1}",0,15,0,1747683772,1747683951
7705,6,"{'mechanical': 5, 'ebike': 1}",1,11,0,1747683777,1747683951
7706,24,"{'mechanical': 19, 'ebike': 5}",1,2,0,1747683890,1747683951
7707,10,"{'mechanical': 9, 'ebike': 1}",0,9,0,1747683902,1747683951
7708,12,"{'mechanical': 0, 'ebike': 12}",8,7,0,1747683835,1747683951
7709,1,"{'mechanical': 1, 'ebike': 0}",1,21,0,1747683866,1747683951
7710,1,"{'mechanical': 0, 'ebike': 1}",5,12,0,1747683938,1747683951
7711,9,"{'mechanical': 7, 'ebike': 2}",0,6,0,1747683789,1747683951
7712,12,"{'mechanical': 12, 'ebike': 0}",0,9,1,1747683849,1747683951
7713,4,"{'mechanical': 3, 'ebike': 1}",1,17,0,1747683907,1747683951
7715,1,"{'mechanical': 1, 'ebike': 0}",0,9,0,1747683870,1747683951
7716,17,"{'mechanical': 17, 'ebike': 0}",0,2,0,1747683820,1747683951
7717,2,"{'mechanical': 2, 'ebike': 0}",0,8,0,1747683922,1747683951
7718,6,"{'mechanical': 6, 'ebike': 0}",0,4,1,1747683845,1747683951
7719,13,"{'mechanical': 13, 'ebike': 0}",0,15,0,1747683870,1747683951
7720,26,"{'mechanical': 23, 'ebike': 3}",0,6,0,1747683902,1747683951
7721,3,"{'mechanical': 3, 'ebike': 0}",1,5,1,1747683830,1747683951
7724,1,"{'mechanical': 1, 'ebike': 0}",0,12,1,1747683878,1747683951
7728,6,"{'mechanical': 0, 'ebike': 6}",0,12,1,1747683903,1747683951
7729,30,"{'mechanical': 2, 'ebike': 28}",0,14,0,1747683859,1747683951
7730,16,"{'mechanical': 2, 'ebike': 14}",2,25,0,1747683780,1747683951
7731,13,"{'mechanical': 12, 'ebike': 1}",0,2,0,1747683878,1747683951
7732,12,"{'mechanical': 10, 'ebike': 2}",0,3,0,1747683906,1747683951
7733,5,"{'mechanical': 2, 'ebike': 3}",0,10,0,1747683864,1747683951
7734,1,"{'mechanical': 1, 'ebike': 0}",0,14,0,1747683948,1747683951
7735,2,"{'mechanical': 2, 'ebike': 0}",0,13,0,1747683901,1747683951
7736,1,"{'mechanical': 1, 'ebike': 0}",0,13,1,1747683949,1747683951
7737,1,"{'mechanical': 1, 'ebike': 0}",0,13,1,1747683872,1747683951
7738,2,"{'mechanical': 2, 'ebike': 0}",0,13,0,1747683884,1747683951
7739,4,"{'mechanical': 2, 'ebike': 2}",1,8,2,1747683830,1747683951
7740,0,"{'mechanical': 0, 'ebike': 0}",0,15,0,1747683927,1747683951
7741,15,"{'mechanical': 15, 'ebike': 0}",0,0,0,1747683872,1747683951
7742,6,"{'mechanical': 5, 'ebike': 1}",0,13,0,1747683774,1747683951
7743,1,"{'mechanical': 0, 'ebike': 1}",0,18,0,1747683818,1747683951
7744,1,"{'mechanical': 1, 'ebike': 0}",0,22,0,1747683859,1747683951
7745,2,"{'mechanical': 2, 'ebike': 0}",1,12,0,1747683780,1747683951
7746,1,"{'mechanical': 0, 'ebike': 1}",0,18,0,1747683926,1747683951
7747,0,"{'mechanical': 0, 'ebike': 0}",0,13,2,1747683788,1747683951
7748,3,"{'mechanical': 2, 'ebike': 1}",1,15,0,1747683868,1747683951
7749,6,"{'mechanical': 0, 'ebike': 6}",2,7,0,1747683853,1747683951
7750,2,"{'mechanical': 2, 'ebike': 0}",0,13,0,1747683944,1747683951
7751,8,"{'mechanical': 1, 'ebike': 7}",0,7,0,1747683891,1747683951
7752,6,"{'mechanical': 6, 'ebike': 0}",0,17,0,1747683917,1747683951
7753,11,"{'mechanical': 11, 'ebike': 0}",0,4,0,1747683805,1747683951
7754,2,"{'mechanical': 1, 'ebike': 1}",1,11,0,1747683882,1747683951
7755,3,"{'mechanical': 3, 'ebike': 0}",0,12,0,1747683850,1747683951
7756,0,"{'mechanical': 0, 'ebike': 0}",0,19,0,1747683860,1747683951
7757,5,"{'mechanical': 5, 'ebike': 0}",11,3,0,1747683868,1747683951
7758,0,"{'mechanical': 0, 'ebike': 0}",0,19,0,1747683833,1747683951
7759,0,"{'mechanical': 0, 'ebike': 0}",0,13,2,1747683836,1747683951
7761,1,"{'mechanical': 1, 'ebike': 0}",0,13,1,1747683867,1747683951
7762,9,"{'mechanical': 8, 'ebike': 1}",0,2,0,1747683864,1747683951
7765,1,"{'mechanical': 1, 'ebike': 0}",0,14,0,1747683893,1747683951
7766,1,"{'mechanical': 0, 'ebike': 1}",0,13,0,1747683903,1747683951
7767,0,"{'mechanical': 0, 'ebike': 0}",0,11,0,1747683860,1747683951
7768,1,"{'mechanical': 1, 'ebike': 0}",1,11,1,1747683879,1747683951
7769,0,"{'mechanical': 0, 'ebike': 0}",0,15,0,1747683917,1747683951
7770,9,"{'mechanical': 9, 'ebike': 0}",1,13,0,1747683941,1747683951
7771,1,"{'mechanical': 1, 'ebike': 0}",0,10,0,1747683925,1747683951
7772,6,"{'mechanical': 5, 'ebike': 1}",1,7,0,1747683827,1747683951
7773,6,"{'mechanical': 6, 'ebike': 0}",0,8,0,1747683838,1747683951
7774,13,"{'mechanical': 13, 'ebike': 0}",0,2,0,1747683902,1747683951
7775,10,"{'mechanical': 10, 'ebike': 0}",0,1,0,1747683931,1747683951
7776,4,"{'mechanical': 3, 'ebike': 1}",0,14,1,1747683841,1747683951
7777,2,"{'mechanical': 2, 'ebike': 0}",0,13,0,1747683890,1747683951
7778,0,"{'mechanical': 0, 'ebike': 0}",0,10,0,1747683859,1747683951
7779,0,"{'mechanical': 0, 'ebike': 0}",0,14,1,1747683853,1747683951
7780,1,"{'mechanical': 0, 'ebike': 1}",0,15,0,1747683840,1747683951
7781,2,"{'mechanical': 2, 'ebike': 0}",0,13,0,1747683791,1747683951
7782,0,"{'mechanical': 0, 'ebike': 0}",0,20,0,1747683836,1747683951
7783,0,"{'mechanical': 0, 'ebike': 0}",0,20,0,1747683836,1747683951
7784,0,"{'mechanical': 0, 'ebike': 0}",1,17,1,1747683883,1747683951
7785,0,"{'mechanical': 0, 'ebike': 0}",0,16,0,1747683926,1747683951
7787,18,"{'mechanical': 18, 'ebike': 0}",1,12,0,1747683927,1747683951
7788,6,"{'mechanical': 6, 'ebike': 0}",0,16,1,1747683840,1747683951
7789,0,"{'mechanical': 0, 'ebike': 0}",0,23,0,1747683938,1747683951
7790,4,"{'mechanical': 4, 'ebike': 0}",0,12,1,1747683878,1747683951
7791,13,"{'mechanical': 13, 'ebike': 0}",1,0,1,1747683802,1747683951
7792,13,"{'mechanical': 13, 'ebike': 0}",0,2,0,1747683945,1747683951
7794,12,"{'mechanical': 12, 'ebike': 0}",0,3,0,1747683933,1747683951
7796,3,"{'mechanical': 3, 'ebike': 0}",0,15,0,1747683798,1747683951
7798,8,"{'mechanical': 7, 'ebike': 1}",0,7,0,1747683853,1747683951
7799,7,"{'mechanical': 7, 'ebike': 0}",0,8,0,1747683949,1747683951
7800,0,"{'mechanical': 0, 'ebike': 0}",0,19,0,1747683879,1747683951
7801,4,"{'mechanical': 4, 'ebike': 0}",0,11,0,1747683870,1747683951
7802,6,"{'mechanical': 6, 'ebike': 0}",0,6,0,1747683898,1747683951
7803,5,"{'mechanical': 5, 'ebike': 0}",1,13,0,1747683869,1747683951
7804,8,"{'mechanical': 6, 'ebike': 2}",0,5,0,1747683785,1747683951
7805,10,"{'mechanical': 10, 'ebike': 0}",0,9,0,1747683863,1747683951
7806,4,"{'mechanical': 3, 'ebike': 1}",0,11,0,1747683923,1747683951
7807,2,"{'mechanical': 0, 'ebike': 2}",0,13,0,1747683821,1747683951
7808,3,"{'mechanical': 3, 'ebike': 0}",0,12,0,1747683935,1747683951
7809,1,"{'mechanical': 1, 'ebike': 0}",0,18,0,1747683827,1747683951
7810,3,"{'mechanical': 2, 'ebike': 1}",0,10,1,1747683906,1747683951
7811,6,"{'mechanical': 4, 'ebike': 2}",0,13,0,1747683864,1747683951
7812,12,"{'mechanical': 12, 'ebike': 0}",0,5,1,1747683882,1747683951
7813,3,"{'mechanical': 0, 'ebike': 3}",0,19,0,1747683888,1747683951
7814,7,"{'mechanical': 7, 'ebike': 0}",0,8,0,1747683923,1747683951
7815,1,"{'mechanical': 0, 'ebike': 1}",0,14,0,1747683918,1747683951
7816,11,"{'mechanical': 10, 'ebike': 1}",0,44,0,1747683869,1747683951
7817,5,"{'mechanical': 4, 'ebike': 1}",0,10,0,1747683868,1747683951
7818,10,"{'mechanical': 9, 'ebike': 1}",0,8,1,1747683939,1747683951
7819,1,"{'mechanical': 0, 'ebike': 1}",0,14,0,1747683861,1747683951
7820,11,"{'mechanical': 0, 'ebike': 11}",0,4,0,1747683826,1747683951
7821,13,"{'mechanical': 12, 'ebike': 1}",1,6,0,1747683915,1747683951
7822,6,"{'mechanical': 5, 'ebike': 1}",1,12,0,1747683888,1747683951
7823,2,"{'mechanical': 1, 'ebike': 1}",0,9,0,1747683933,1747683951
7824,1,"{'mechanical': 1, 'ebike': 0}",1,17,0,1747683897,1747683951
7825,6,"{'mechanical': 6, 'ebike': 0}",0,8,0,1747683856,1747683951
7826,15,"{'mechanical': 13, 'ebike': 2}",0,0,0,1747683942,1747683951
7827,6,"{'mechanical': 4, 'ebike': 2}",0,8,1,1747683896,1747683951
7828,4,"{'mechanical': 4, 'ebike': 0}",0,6,1,1747683795,1747683951
7829,3,"{'mechanical': 3, 'ebike': 0}",0,11,1,1747683856,1747683951
7830,2,"{'mechanical': 2, 'ebike': 0}",1,11,1,1747683806,1747683951
7831,0,"{'mechanical': 0, 'ebike': 0}",0,18,0,1747683771,1747683951
7832,0,"{'mechanical': 0, 'ebike': 0}",0,19,0,1747683844,1747683951
7833,0,"{'mechanical': 0, 'ebike': 0}",1,14,0,1747683877,1747683951
7834,3,"{'mechanical': 3, 'ebike': 0}",0,12,0,1747683937,1747683951
7835,0,"{'mechanical': 0, 'ebike': 0}",0,19,0,1747683898,1747683951
7836,0,"{'mechanical': 0, 'ebike': 0}",0,19,0,1747683886,1747683951
7837,9,"{'mechanical': 9, 'ebike': 0}",6,2,0,1747683853,1747683951
7838,5,"{'mechanical': 5, 'ebike': 0}",1,13,0,1747683868,1747683951
7839,11,"{'mechanical': 11, 'ebike': 0}",0,0,0,1747683827,1747683951
7840,1,"{'mechanical': 1, 'ebike': 0}",0,14,0,1747683909,1747683951
7841,3,"{'mechanical': 1, 'ebike': 2}",2,10,0,1747683840,1747683951
7842,1,"{'mechanical': 1, 'ebike': 0}",0,9,0,1747683856,1747683951
7843,9,"{'mechanical': 9, 'ebike': 0}",1,5,0,1747683831,1747683951
7844,8,"{'mechanical': 8, 'ebike': 0}",2,5,0,1747683839,1747683951
7845,10,"{'mechanical': 10, 'ebike': 0}",0,4,1,1747683774,1747683951
7846,3,"{'mechanical': 0, 'ebike': 3}",0,12,0,1747683775,1747683951
7848,13,"{'mechanical': 13, 'ebike': 0}",0,10,0,1747683790,1747683951
7849,0,"{'mechanical': 0, 'ebike': 0}",0,15,0,1747683910,1747683951
7850,4,"{'mechanical': 3, 'ebike': 1}",0,10,1,1747683795,1747683951
7851,4,"{'mechanical': 0, 'ebike': 4}",1,9,1,1747683809,1747683951
7852,4,"{'mechanical': 1, 'ebike': 3}",0,19,0,1747683847,1747683951
7853,0,"{'mechanical': 0, 'ebike': 0}",0,15,0,1747683869,1747683951
7854,0,"{'mechanical': 0, 'ebike': 0}",0,19,0,1747683911,1747683951
7855,0,"{'mechanical': 0, 'ebike': 0}",0,15,0,1747683773,1747683951
7856,1,"{'mechanical': 1, 'ebike': 0}",0,14,0,1747683929,1747683951
7857,2,"{'mechanical': 0, 'ebike': 2}",0,17,0,1747683931,1747683951
7858,1,"{'mechanical': 1, 'ebike': 0}",0,22,0,1747683808,1747683951
7859,0,"{'mechanical': 0, 'ebike': 0}",0,15,0,1747683905,1747683951
7860,1,"{'mechanical': 1, 'ebike': 0}",1,12,1,1747683849,1747683951
7861,1,"{'mechanical': 1, 'ebike': 0}",0,18,0,1747683933,1747683951
7862,1,"{'mechanical': 0, 'ebike': 1}",1,12,0,1747683801,1747683951
7863,2,"{'mechanical': 2, 'ebike': 0}",0,13,0,1747683823,1747683951
7864,4,"{'mechanical': 2, 'ebike': 2}",1,10,0,1747683831,1747683951
7865,32,"{'mechanical': 0, 'ebike': 32}",2,8,1,1747683859,1747683951
7866,12,"{'mechanical': 4, 'ebike': 8}",6,5,0,1747683771,1747683951
7867,7,"{'mechanical': 0, 'ebike': 7}",0,8,0,1747683793,1747683951
7868,0,"{'mechanical': 0, 'ebike': 0}",0,19,0,1747683789,1747683951
7870,1,"{'mechanical': 1, 'ebike': 0}",2,11,1,1747683911,1747683951
7871,0,"{'mechanical': 0, 'ebike': 0}",0,14,0,1747683862,1747683951
7872,0,"{'mechanical': 0, 'ebike': 0}",0,14,1,1747683786,1747683951
7873,0,"{'mechanical': 0, 'ebike': 0}",0,14,0,1747683854,1747683951
7874,0,"{'mechanical': 0, 'ebike': 0}",0,15,0,1747683918,1747683951
7875,0,"{'mechanical': 0, 'ebike': 0}",1,13,0,1747683933,1747683951
7876,0,"{'mechanical': 0, 'ebike': 0}",0,14,1,1747683917,1747683951
7877,0,"{'mechanical': 0, 'ebike': 0}",1,14,0,1747683945,1747683951
7878,1,"{'mechanical': 1, 'ebike': 0}",0,13,1,1747683943,1747683951
7879,0,"{'mechanical': 0, 'ebike': 0}",0,10,0,1747683779,1747683951
7880,0,"{'mechanical': 0, 'ebike': 0}",1,13,1,1747683926,1747683951
7881,11,"{'mechanical': 11, 'ebike': 0}",0,16,0,1747683915,1747683951
7882,0,"{'mechanical': 0, 'ebike': 0}",0,15,0,1747683902,1747683951
7883,4,"{'mechanical': 4, 'ebike': 0}",0,7,0,1747683873,1747683951
7884,0,"{'mechanical': 0, 'ebike': 0}",0,14,1,1747683835,1747683951
7885,8,"{'mechanical': 8, 'ebike': 0}",2,1,0,1747683879,1747683951
7886,0,"{'mechanical': 0, 'ebike': 0}",0,15,0,1747683843,1747683951
7887,0,"{'mechanical': 0, 'ebike': 0}",6,37,0,1747683770,1747683951
7888,0,"{'mechanical': 0, 'ebike': 0}",0,15,0,1747683858,1747683951
7889,1,"{'mechanical': 0, 'ebike': 1}",0,15,2,1747683826,1747683951
7890,3,"{'mechanical': 1, 'ebike': 2}",0,20,0,1747683864,1747683951
7891,5,"{'mechanical': 5, 'ebike': 0}",1,11,2,1747683773,1747683951
7893,7,"{'mechanical': 7, 'ebike': 0}",0,12,0,1747683779,1747683951
7894,2,"{'mechanical': 2, 'ebike': 0}",0,13,0,1747683930,1747683951
7895,0,"{'mechanical': 0, 'ebike': 0}",0,13,2,1747683947,1747683951
7896,0,"{'mechanical': 0, 'ebike': 0}",0,14,0,1747683899,1747683951
7897,8,"{'mechanical': 7, 'ebike': 1}",1,6,0,1747683868,1747683951
7898,1,"{'mechanical': 1, 'ebike': 0}",1,14,0,1747683817,1747683951
7899,19,"{'mechanical': 4, 'ebike': 15}",1,3,0,1747683827,1747683951
7900,4,"{'mechanical': 4, 'ebike': 0}",0,7,0,1747683845,1747683951
7901,4,"{'mechanical': 2, 'ebike': 2}",0,7,0,1747683948,1747683951
7902,0,"{'mechanical': 0, 'ebike': 0}",0,15,0,1747683809,1747683951
7903,1,"{'mechanical': 1, 'ebike': 0}",1,12,1,1747683939,1747683951
7904,3,"{'mechanical': 0, 'ebike': 3}",0,8,0,1747683924,1747683951
7907,21,"{'mechanical': 4, 'ebike': 17}",8,11,0,1747683797,1747683951
7909,9,"{'mechanical': 9, 'ebike': 0}",3,11,0,1747683793,1747683951
7910,0,"{'mechanical': 0, 'ebike': 0}",0,15,0,1747683879,1747683951
7911,4,"{'mechanical': 3, 'ebike': 1}",0,15,0,1747683892,1747683951
7912,8,"{'mechanical': 7, 'ebike': 1}",0,11,0,1747683895,1747683951
7913,28,"{'mechanical': 28, 'ebike': 0}",0,7,0,1747683906,1747683951
7914,8,"{'mechanical': 8, 'ebike': 0}",0,19,0,1747683853,1747683951
7915,2,"{'mechanical': 0, 'ebike': 2}",1,11,0,1747683805,1747683951
7916,6,"{'mechanical': 6, 'ebike': 0}",0,13,0,1747683777,1747683951
7917,13,"{'mechanical': 1, 'ebike': 12}",0,5,1,1747683923,1747683951
7918,0,"{'mechanical': 0, 'ebike': 0}",0,15,0,1747683840,1747683951
7919,1,"{'mechanical': 1, 'ebike': 0}",1,16,0,1747683780,1747683951
7920,0,"{'mechanical': 0, 'ebike': 0}",0,15,0,1747683786,1747683951
7921,0,"{'mechanical': 0, 'ebike': 0}",0,14,1,1747683930,1747683951
7922,6,"{'mechanical': 6, 'ebike': 0}",15,2,0,1747683835,1747683951
7923,1,"{'mechanical': 1, 'ebike': 0}",0,18,0,1747683780,1747683951
7924,0,"{'mechanical': 0, 'ebike': 0}",0,12,0,1747683922,1747683951
7925,8,"{'mechanical': 8, 'ebike': 0}",0,15,0,1747683890,1747683951
7926,1,"{'mechanical': 1, 'ebike': 0}",1,22,0,1747683821,1747683951
7927,3,"{'mechanical': 3, 'ebike': 0}",0,19,0,1747683840,1747683951
7928,0,"{'mechanical': 0, 'ebike': 0}",0,47,0,1747683937,1747683951
7929,6,"{'mechanical': 6, 'ebike': 0}",0,5,1,1747683882,1747683951
7930,6,"{'mechanical': 6, 'ebike': 0}",0,9,0,1747683841,1747683951
7931,2,"{'mechanical': 0, 'ebike': 2}",0,14,0,1747683787,1747683951
7932,10,"{'mechanical': 10, 'ebike': 0}",0,2,0,1747683796,1747683951
7933,19,"{'mechanical': 17, 'ebike': 2}",0,4,0,1747683833,1747683951
7934,7,"{'mechanical': 0, 'ebike': 7}",4,0,0,1747683945,1747683951
7935,6,"{'mechanical': 5, 'ebike': 1}",1,7,0,1747683886,1747683951
7936,7,"{'mechanical': 7, 'ebike': 0}",0,6,0,1747683837,1747683951
7937,14,"{'mechanical': 13, 'ebike': 1}",2,3,0,1747683845,1747683951
7938,6,"{'mechanical': 5, 'ebike': 1}",0,8,1,1747683853,1747683951
7939,5,"{'mechanical': 5, 'ebike': 0}",0,10,0,1747683870,1747683951
7940,0,"{'mechanical': 0, 'ebike': 0}",0,32,0,1747683858,1747683951
7941,15,"{'mechanical': 13, 'ebike': 2}",0,0,0,1747683882,1747683951
7942,0,"{'mechanical': 0, 'ebike': 0}",0,15,0,1747683906,1747683951
7943,11,"{'mechanical': 11, 'ebike': 0}",0,11,1,1747683867,1747683951
7944,14,"{'mechanical': 14, 'ebike': 0}",1,8,0,1747683848,1747683951
7945,18,"{'mechanical': 16, 'ebike': 2}",0,1,0,1747683941,1747683951
7946,2,"{'mechanical': 0, 'ebike': 2}",0,13,0,1747683818,1747683951
7947,6,"{'mechanical': 5, 'ebike': 1}",0,5,0,1747683783,1747683951
7948,9,"{'mechanical': 9, 'ebike': 0}",0,14,0,1747683798,1747683951
7949,15,"{'mechanical': 15, 'ebike': 0}",0,4,0,1747683782,1747683951
7950,18,"{'mechanical': 14, 'ebike': 4}",1,4,0,1747683937,1747683951
7951,11,"{'mechanical': 11, 'ebike': 0}",1,7,0,1747683796,1747683951
7952,11,"{'mechanical': 7, 'ebike': 4}",0,8,0,1747683859,1747683951
7953,5,"{'mechanical': 5, 'ebike': 0}",0,9,0,1747683811,1747683951
7954,3,"{'mechanical': 3, 'ebike': 0}",1,19,0,1747683855,1747683951
7955,0,"{'mechanical': 0, 'ebike': 0}",0,22,0,1747683838,1747683951
7956,0,"{'mechanical': 0, 'ebike': 0}",0,9,2,1747683894,1747683951
7957,7,"{'mechanical': 6, 'ebike': 1}",1,31,0,1747683905,1747683951
7958,14,"{'mechanical': 14, 'ebike': 0}",0,5,0,1747683855,1747683951
7959,0,"{'mechanical': 0, 'ebike': 0}",0,14,0,1747683881,1747683951
7960,1,"{'mechanical': 1, 'ebike': 0}",0,18,0,1747683895,1747683951
7961,0,"{'mechanical': 0, 'ebike': 0}",5,10,0,1747683798,1747683951
7962,1,"{'mechanical': 1, 'ebike': 0}",0,14,0,1747683867,1747683951
7963,1,"{'mechanical': 1, 'ebike': 0}",3,7,0,1747683882,1747683951
7964,5,"{'mechanical': 4, 'ebike': 1}",2,7,0,1747683923,1747683951
7965,0,"{'mechanical': 0, 'ebike': 0}",0,19,0,1747683864,1747683951
7966,3,"{'mechanical': 2, 'ebike': 1}",0,12,0,1747683916,1747683951
7967,5,"{'mechanical': 4, 'ebike': 1}",0,10,0,1747683858,1747683951
7968,1,"{'mechanical': 1, 'ebike': 0}",0,18,0,1747683934,1747683951
7969,0,"{'mechanical': 0, 'ebike': 0}",0,19,0,1747683925,1747683951
7970,2,"{'mechanical': 2, 'ebike': 0}",1,16,0,1747683782,1747683951
7971,0,"{'mechanical': 0, 'ebike': 0}",0,14,1,1747683791,1747683951
7972,3,"{'mechanical': 3, 'ebike': 0}",0,8,0,1747681921,1747683951
7973,2,"{'mechanical': 2, 'ebike': 0}",2,15,0,1747683779,1747683951
7974,0,"{'mechanical': 0, 'ebike': 0}",0,19,0,1747683809,1747683951
7975,4,"{'mechanical': 2, 'ebike': 2}",0,15,0,1747683864,1747683951
7976,0,"{'mechanical': 0, 'ebike': 0}",4,14,0,1747683848,1747683951
7977,3,"{'mechanical': 3, 'ebike': 0}",0,12,0,1747683914,1747683951
7978,1,"{'mechanical': 0, 'ebike': 1}",0,21,1,1747683825,1747683951
7979,3,"{'mechanical': 2, 'ebike': 1}",1,15,0,1747683799,1747683951
7631,10,"{'mechanical': 10, 'ebike': 0}",2,3,0,1747683848,1747683951
7981,1,"{'mechanical': 1, 'ebike': 0}",0,14,0,1747683859,1747683951
7982,0,"{'mechanical': 0, 'ebike': 0}",0,18,1,1747683879,1747683951
7983,1,"{'mechanical': 1, 'ebike': 0}",4,9,0,1747683946,1747683951
7984,15,"{'mechanical': 15, 'ebike': 0}",1,7,0,1747683933,1747683951
7985,5,"{'mechanical': 5, 'ebike': 0}",0,10,0,1747683880,1747683951
7986,0,"{'mechanical': 0, 'ebike': 0}",2,17,0,1747683819,1747683951
7987,0,"{'mechanical': 0, 'ebike': 0}",0,15,0,1747683805,1747683951
7988,1,"{'mechanical': 1, 'ebike': 0}",1,17,0,1747683898,1747683951
7989,0,"{'mechanical': 0, 'ebike': 0}",0,15,0,1747683848,1747683951
7990,0,"{'mechanical': 0, 'ebike': 0}",0,14,1,1747683910,1747683951
7991,3,"{'mechanical': 3, 'ebike': 0}",0,12,0,1747683923,1747683951
7992,0,"{'mechanical': 0, 'ebike': 0}",1,10,0,1747683934,1747683951
7993,0,"{'mechanical': 0, 'ebike': 0}",0,14,1,1747683773,1747683951
7760,17,"{'mechanical': 14, 'ebike': 3}",0,6,0,1747683775,1747683951
7994,0,"{'mechanical': 0, 'ebike': 0}",0,11,0,1747683944,1747683951
7995,4,"{'mechanical': 1, 'ebike': 3}",0,11,0,1747683824,1747683951
7996,18,"{'mechanical': 2, 'ebike': 16}",2,2,0,1747683944,1747683951
7997,23,"{'mechanical': 0, 'ebike': 23}",3,12,0,1747683801,1747683951
7998,0,"{'mechanical': 0, 'ebike': 0}",0,19,0,1747683874,1747683951
7999,1,"{'mechanical': 0, 'ebike': 1}",0,14,0,1747683800,1747683951
8000,22,"{'mechanical': 0, 'ebike': 22}",2,7,0,1747683932,1747683951
8001,11,"{'mechanical': 11, 'ebike': 0}",0,5,0,1747683848,1747683951
8002,1,"{'mechanical': 0, 'ebike': 1}",0,14,0,1747683854,1747683951
8003,4,"{'mechanical': 4, 'ebike': 0}",0,7,0,1747683889,1747683951
8004,0,"{'mechanical': 0, 'ebike': 0}",0,10,1,1747683796,1747683951
8005,0,"{'mechanical': 0, 'ebike': 0}",4,7,0,1747683896,1747683951
8006,14,"{'mechanical': 3, 'ebike': 11}",0,9,0,1747683856,1747683951
8007,20,"{'mechanical': 1, 'ebike': 19}",0,9,0,1747683785,1747683951
8008,2,"{'mechanical': 2, 'ebike': 0}",1,13,0,1747683923,1747683951
8009,3,"{'mechanical': 0, 'ebike': 3}",4,31,0,1747683772,1747683951
8011,5,"{'mechanical': 5, 'ebike': 0}",16,10,0,1747683938,1747683951
8012,17,"{'mechanical': 15, 'ebike': 2}",1,5,0,1747683817,1747683951
8013,11,"{'mechanical': 11, 'ebike': 0}",0,1,0,1747683907,1747683951
8014,12,"{'mechanical': 11, 'ebike': 1}",1,9,0,1747683778,1747683951
8016,2,"{'mechanical': 2, 'ebike': 0}",3,16,1,1747683900,1747683951
8017,7,"{'mechanical': 7, 'ebike': 0}",0,7,0,1747683909,1747683951
8018,14,"{'mechanical': 14, 'ebike': 0}",0,1,0,1747683771,1747683951
8015,10,"{'mechanical': 8, 'ebike': 2}",1,1,0,1747683904,1747683951
8019,5,"{'mechanical': 5, 'ebike': 0}",0,10,0,1747683827,1747683951
8020,1,"{'mechanical': 1, 'ebike': 0}",0,7,1,1747683811,1747683951
7010,8,"{'mechanical': 6, 'ebike': 2}",0,10,0,1747683774,1747683951
8010,0,"{'mechanical': 0, 'ebike': 0}",0,18,1,1747683905,1747683951
8021,0,"{'mechanical': 0, 'ebike': 0}",0,18,1,1747683865,1747683951
7202,13,"{'mechanical': 13, 'ebike': 0}",1,13,0,1747683855,1747683951
7266,9,"{'mechanical': 8, 'ebike': 1}",0,3,0,1747683873,1747683951
8022,2,"{'mechanical': 1, 'ebike': 1}",0,9,0,1747683939,1747683951
8023,5,"{'mechanical': 3, 'ebike': 2}",0,6,0,1747683822,1747683951
7133,1,"{'mechanical': 1, 'ebike': 0}",0,9,1,1747683819,1747683951
8024,2,"{'mechanical': 2, 'ebike': 0}",5,4,0,1747683871,1747683951
8025,9,"{'mechanical': 9, 'ebike': 0}",1,0,1,1747683781,1747683951
8026,6,"{'mechanical': 6, 'ebike': 0}",1,16,0,1747683945,1747683951
8030,6,"{'mechanical': 6, 'ebike': 0}",0,29,0,1747683877,1747683951
8031,1,"{'mechanical': 1, 'ebike': 0}",0,13,1,1747683906,1747683951
7688,7,"{'mechanical': 7, 'ebike': 0}",1,6,1,1747683789,1747683951
8032,0,"{'mechanical': 0, 'ebike': 0}",0,14,1,1747683928,1747683951
8033,0,"{'mechanical': 0, 'ebike': 0}",0,19,0,1747683798,1747683951
8029,0,"{'mechanical': 0, 'ebike': 0}",0,47,0,1747683831,1747683951
8027,3,"{'mechanical': 3, 'ebike': 0}",0,36,0,1747683813,1747683951
8028,4,"{'mechanical': 4, 'ebike': 0}",1,20,0,1747683907,1747683951
